company,date,desc,education,job_name,money
engma,2020-06-17,"岗位职责：
1、对服务器测试和自动化测试有热诚；

2、主要负责软件产品的性能模块测试；
3、协助公司软件产品的测试工作；
4、熟悉服务器性能测试和API接口测试;
5、按时完成上级及部门其他领导交办的其他临时工作任务。

 

福利待遇：

1、丰富多彩的集体活动（员工旅游，节日聚会，生日趴，年会等等。）

2、入职购买五险一金、周末双休、员工旅游、员工体检、带薪年假。",大专,财务实习生,￥100/天
engma,2020-06-17,湖北纳杰人力资源有限公司面向广大应届毕业生、实习生诚聘招聘专员  关于我们：我们是一个年轻的，充满活力的family，百分之九十的小伙伴都是95后，我们来自五湖四海，甘于奉献，勇于拼搏，只为了在公司的大舞台上发光发亮，产生价值  招聘要求：19到25岁，大专及以上学历，本科优先，接受实习生，专业不限  工作内容：通过我们自己的简历库系统筛选求职者简历，电话邀约到我们合作的企业上班，同时，我们还设立了现场组，可以到各大厂区、高校进行现场招聘，工作内容简单，只要你愿意学，我们就手把手的交  工作环境：我们目前搬到了流芳园南路这边新的办公地方，高端大气上档次！！！配套设施一应俱全，工作区域有两栋楼，第一栋一二楼为餐厅，三四楼分别是我们合作的小米和美团外包项目，五楼为行政人员办公区域，第二栋楼就是我们的办公区域啦，每个人都有一个自己独立的工位，电脑，耳机，绿植，当然，你可以发挥你的想象力，自己装扮！  关于晋升：公司派遣部有一百多个项目，每个项目都设有主管和经理，只要你有上进心，三个月升主管，半年升经理，都是寻常之事，每周二周四晚，公司会组织大家进行免费培训，由优秀项目经理或公司领导给大家进行培训，传授管理知识，分享经典案例  然后就是大家最最关心的薪资了：我们的薪资结构为无责任底薪6000绩效提成项目利润分红，综合薪资在7000到10000，上不封顶，每个月都有优秀的小伙伴月薪过万，员工平均工资达到同行的三倍以上，是我们的终极目标！！！  好了，说了这么多，如果你还是无动于衷，那咱们可能真的有缘无份了，哈哈，如果你是一个甘于奉献，勇于进取的boy or girl，那么，欢迎加入我们纳杰大家庭！！！,大专,财务实习生,￥100/天
engma,2020-06-17,公司简介,大专,财务实习生,￥100/天
engma,2020-06-17,"五险一金
年底双薪
交通补助
餐补
带薪年假
员工旅游
节日福利",大专,财务实习生,￥100/天
engma,2020-06-17,"岗位职责：
1、负责HTML5应用程序代码设计；
2、分析和解决项目开发中出现的问题；
3、从事设计文件的编写。



福利待遇：

1、丰富多彩的集体活动（员工旅游，节日聚会，生日趴，年会等等。）

2、入职购买五险一金、周末双休、员工旅游、员工体检、带薪年假。",大专,财务实习生,￥100/天
engma,2020-06-17,"五险一金
年底双薪
绩效奖金
餐补
带薪年假
员工旅游
节日福利",大专,财务实习生,￥100/天
engma,2020-06-17,"公司简介

				英格玛人力资源集团成立于2002年，是中国领先的人力资源外包服务机构;集团致力于成为中国人力资本经营服务专家，让人力资本实现最大价值，从而推动社会发展，并让我们的世界变得更加美好。 集团主营业务包括:人事外包、制造承包、金融服务外包、招聘流程外包、中高级人才搜寻、大学生职业能力提升、人力资源战略咨询等多个专业人力资源外包服务领域。集团旗下现拥有18家分支机构，管理团队250多人，外派雇员27000多人，年培训及供应人才能力超过5万人，集团成立以来，累计培训及安置就业的员工超过80万人。",大专,财务实习生,￥100/天
华盈生物,2020-06-17,"公司简介

				北京博科技术股份有限公司是中国领先的管理软件开发与实施人员的服务商，是大型咨询公司的资源池（resource pool）供应商，创新地将人才职业培养、初期的职业生涯与高端咨询公司的人才需求结合起来。公司针对应届生从专业知识教授到职业技能传授，结合德勤、凯捷、国电南瑞、石化盈科四个大型ERP实施厂商提供的项目实训及工作机会，提供公司的资源平台，利用3-4年时间将应届生从一无所长培养成职业方向明确、职业技能过硬、拥有多个大型项目经验背景的IT精英，并帮助他们平稳过度到国内外大型企业中去，公司不仅仅是提供一份实习机会、一个工作岗位，而是职业生涯的定位、实训、专业知识学习、专业技能成长的一个过程，以及职业人生的重组与飞跃。重要的是无论在前期还是在职中的培训都不需要员工自己缴纳费用，是创新型人才培养服务公司。博科的前身为博克教育，是一家专门的IT教育公司，开创了SAP工程硕士的先河，将企业需要的信息化人才引入到知名高校的研究生培养体系当中，培养出以实践应用为导向以直接就业为目的信息化专业人才，是连接高校-名企-个人的桥梁，为500强企业ERP人才培养的摇篮，至2012年共计培养IT各类人才超万人。1、公司主体博科公司有多个关联主体，俗称集团企业，其中北京博科技术股份有限公司简称博科技术，跟上海博科软件系统公司没有任何关系，北京博科技术股份有限公司跟北京博克西岸科技发展有限公司一样都是北京博科管理技术有限公司（博科总公司）的关联公司，各自负责的业务领域跟范围不同。2、公司性质博科是股份有限公司，其主要股东是联想、首创、卢俊及其他一些有限合伙公司，是一个中外合资企业，董事会负责制。3、博科技术博科技术成立于2012年，目前有员工500多人，分布在全国40多个城市，年度缴纳税收超过500万，营业收入近1亿元。企业征信北京工商可查，真实有效。公司总部：北京市海淀区，在南京、广州有办事处4、博科技术需要的人才我们寻求把IT作为终生职业的人！您是我们要的人吗？——稳定的工作岗位、持久的学习机会和成长、4年平移到大型企业——不要程序猿不要青春饭短视，假如追求成为一个稳定的IT人、靠本事靠能力吃饭，深悉技术并以此为乐的技术顾问；——你只要达到正规大学本科学历，甚至大专学历，但你有良好的学习习惯，热爱学习，勤劳踏实，乐于思考；",本科,技术服务推广专员,￥80/天
engma,2020-06-17,"岗位职责：

1、根据需要不断修改完善软件；

2、编制项目文档、记录质量测试结果；

3、完成程序测试；

4、完成领导安排的其他任务。

福利待遇：

1、丰富多彩的集体活动（员工旅游，节日聚会，生日趴，年会等等。）

2、入职购买五险一金、周末双休、员工旅游、员工体检、带薪年假。",大专,财务实习生,￥100/天
北京博科,2020-06-17,"公司简介

				广州睿禾智企业管理服务有限公司是一家经国家工商行政管理局登记注册的一家专业金融投资理财咨询服务公司，公司总部位于中国广东广州天河金融商圈。公司主营产品与服务涉及资产管理、股票、外汇、基金、大宗商品和文化艺术品咨询服务等多个领域；公司拥有投资、金融领域的专业人才和业内经验丰富的交易研究分析团队，主要是为社会各类人士提供专业投融资服务，公司下设行政部、财务部、业务部和技术部四个部门。公司始终坚持“合作、分享、共赢”的企业理念和“客户至上，诚信经营，规范管理，协调发展” 的经营宗旨，通过建立规范的投资操作流程和完善的风险控制体系，对客户负责，形成良好的经营风格，赢得客户和社会的信誉。同时，公司还坚持“专业化，职业化，精英化、精细化”的人才管理理念，吸纳了一支具有金融、管理、法律、财务等经济领域丰富管理经验的精英人才团队，内部机制健全，机构设置合理，管理体制灵活，发展思路明确，具有广阔的发展前景。全体员工本着“服务客户，互惠双赢，共同发展”的职业信念，全力发展投资业务，提供优质的投资服务。我司坚持“立存久远，做大做强”的企业愿景，坚守“诚信、务实、负责”的企业精神，牢记对社会负责、对股东负责、对客户负责、对员工负责、对企业自身负责的企业使命和社会责任，以投资领域的需求为基础，以公司的服务水平和自身实力为保障，让公司快速健康发展。",本科,财务管理,￥120/天
达科电子,2020-06-17,"公司简介

				美国达科公司成立于1968年，是纳斯达科上市公司，是世界大型led显示产业的的领导者。公司设计、制造、销售和服务多种多样的led显示产品，以体育、商业、和运输三个主要市场为主。体育市场的客户中包括中学校、学院和大学，专业队伍和设施，体育联盟，和国际项目以及组织委员会。商业客户包括金融机构，宾馆酒店，赌场，广告公司，购物中心，便利店和其他零售商。运输业的应用包括州和城市的交通运输部门、高速公路、机场、铁路等其它运输机构的显示系统。        达科由美国南达科他州立大学的两位教授aelred kurtenbach博士和duane sander先生于1968年创建，公司目前在全球已拥有3000多名全职及兼职的员工。是目前世界上专业生产led显示屏幕最大的生产企业，2006年度年销售额为三亿多美元。作为一个制造商和技术的领导者，达科将市场定位于最专业的显示产品和个性化的显示系统。达科的工程能力在世界同行业中首屈一指。相信在今后为了满足产品本身和市场不断变化的需求，达科将不断完善，确保始终为客户提供顶级的led显示解决方案。       在过去的5年里，达科已取得年度综合销售17%的增长以及年度每股收益增长了30%。自1968年成立以来，美国达科公司逐渐成为世界一流的电子显示系统的设计和制造商。这一成就归功于一直贯彻至今的公司理念，以及由此理念而渗透发散到达科从设计到生产、研发到服务的方方面面。这一理念就是：深入了解客户需求，通过研发提高产品档次，通过服务让客户满意.达科公司已被美国权威咨询机构—斯坦福信息咨询公司（stanford resources）评为全世界最杰出的led视频、图文和动画显示系统供应商。       达科电子（上海）有限公司作为美国达科全资子公司成立于2005年10月，是达科在亚太区的总部和装配基地，这标志着作为全球最大的电子显示屏制造商的达科将以它丰富的工程经验、卓越的产品质量和先进的科技服务于中国及亚太市场的客户。       达科坚持只用世界上最好的发光二极管生产电子显示屏，最大程度地保证了显示屏的质量和寿命。达科的显示屏和控制系统组件是按最高规格进行设计和生产的，用以组成一个集成的、兼容的，并且界面友好的系统。作为整个led显示系统的整体解决方案供应商，达科就是您最好的选择。",本科,Product Manager Intern,￥130/天
拉法耶特百货(上海)有限公司,2020-06-17,"公司简介

				英格玛人力资源集团成立于2002年，是中国领先的人力资源外包服务机构;集团致力于成为中国人力资本经营服务专家，让人力资本实现最大价值，从而推动社会发展，并让我们的世界变得更加美好。 集团主营业务包括:人事外包、制造承包、金融服务外包、招聘流程外包、中高级人才搜寻、大学生职业能力提升、人力资源战略咨询等多个专业人力资源外包服务领域。集团旗下现拥有18家分支机构，管理团队250多人，外派雇员27000多人，年培训及供应人才能力超过5万人，集团成立以来，累计培训及安置就业的员工超过80万人。",本科,人事专员/招聘专员,￥8000/月
FA 外企德科,2020-06-17,"公司简介

				FESCOAdecco（外企德科）是中国人力资源服务行业最具竞争力和品牌价值的FESCO与全球人力资源服务行业领航者Adecco成立的一家中外合资人力资源服务企业，为企业及个人提供业务外包、人事服务、招聘猎头和员工福利等相关人力资源解决方案。",本科,猎头顾问助理,￥100/天
engma,2020-06-17,"公司简介

				英格玛人力资源集团成立于2002年，是中国领先的人力资源外包服务机构;集团致力于成为中国人力资本经营服务专家，让人力资本实现最大价值，从而推动社会发展，并让我们的世界变得更加美好。 集团主营业务包括:人事外包、制造承包、金融服务外包、招聘流程外包、中高级人才搜寻、大学生职业能力提升、人力资源战略咨询等多个专业人力资源外包服务领域。集团旗下现拥有18家分支机构，管理团队250多人，外派雇员27000多人，年培训及供应人才能力超过5万人，集团成立以来，累计培训及安置就业的员工超过80万人。",大专,财务实习生,￥100/天
FA 外企德科,2020-06-17,"公司简介

				弗珞唯复古婚戒定制，2011年2月创立，迄今为无数新人带去独一无二的原创钻戒，我们期待更多对爱充满希望的新同事加入到我们温暖的团队中来，让我们为爱的事业，生生不息，增光添彩。",本科,猎头顾问助理,￥100/天
拉法耶特百货(上海)有限公司,2020-06-17,招聘岗位：理财规划师（实习生、兼职亦可）岗位性质：全职或兼职工作内容：1、接受公司一系列相关培训，深度学习金融、保险、投资理财知识2、开发拓展客户资源，为客户制定资产配置方案3、对接公司客户，解答公司客户投资咨询类问题并提供投资建议4、收集市场信息，了解投资者需求，参与营销策划活动并负责执行5、领导交代的其他事宜职位要求：1、学历不限，有无经验均可2、有良好的协调沟通能力3、热爱金融行业，愿意在金融行业长期发展4、有上进心、责任心，富有团队精神薪资待遇：综合薪资3000+，根据业绩提成，无上限，早九晚五，周末双休，可远程办公（兼职副业），国家法定节假日，各种团建活动，不定期国内外旅游,本科,人事专员/招聘专员,￥8000/月
engma,2020-06-17,"任职要求：

1、计算机、软件工程、通信等相关专业大专及以上学历；

2、进行测试用例设计与编写，测试报告编写；

3、根据分配的任务进行软件功能测试、集成测试等；

4、了解自动化测试，可以使用自动化测试工具。

5、善于学习、总结，自我驱动能力强，能快速适应工作节奏，并能承担一定压力。

福利待遇：

1、丰富多彩的集体活动（员工旅游，节日聚会，生日趴，年会等等。）

2、入职购买五险一金、周末双休、员工旅游、员工体检、带薪年假。",大专,财务实习生,￥100/天
FA 外企德科,2020-06-17,"公司简介

				成都数联寻英科技有限公司隶属于数之联科技集团，是国内领先的大数据解决方案提供商，专注于为企业建立行业高端人才储备，提高企业在招聘和绩效管理中的效率和质量。该团队拥有12年从事数据挖掘和大数据应用的丰富经验,拥有300多篇相关论文研究,10余个自主专利,技术能力全面,在机器学习,集成学习,推荐系统,缺失信息预测和趋势预测,分布式深度爬虫技术,超大规模社会网络分析等方面均有很强的技术能力。数联寻英主要客户有腾讯、阿里巴巴等互联网公司，为其提供人才战略储备优化方案。成都数联文化传播有限公司是成都数之联集团旗下的子公司，公司专注于翻译服务，并于2014年获得第九届国家图书馆文津图书奖。经过不断的努力，公司翻译出版了《大数据时代》、《大数据云图》、《数据新常态》等一系列广受读者喜爱的图书。公司官网：www.slfanyi.com，地址：成都市高新西区合作路89号龙湖时代天街19栋。联系电话：028-87957581。",本科,猎头顾问助理,￥100/天
华盈生物,2020-06-17,"公司简介

				瓦克共有员工16,700人，遍布全球五大洲，在2012年，集团的销售额约达44.8亿欧元。瓦克公司总部位于德国慕尼黑，在全球拥有24家生产基地和超过100家销售代表处。瓦克化学在中国的许多关键工业领域都非常著名。从历史悠久的西安钟楼到现代化的北京鸟巢，从地铁车辆到防皱霜，我们的产品和解决方案从各个方面改善这中国人的日常生活。  瓦克化学致力于创造符合未来发展趋势的解决方案，我们的员工在这里可以学到很多前沿的技术，同时，Wacker也是一个具有高度责任感的公司，有着近百年的发展历史，非常重视合法合规，强调企业社会责任，追求发展的稳定性和可持续性，使得员工得到长远的工作和发展保障，瓦克化学将员工视为家庭成员，尽力为其创造良好的企业文化和职业成长空间，并利用全球视野的优势，让员工在宽广的国际化舞台上得到成长和锻炼。",本科,技术服务推广专员,￥80/天
FA 外企德科,2020-06-17,"公司简介

				成都辛巴文化创建于2009年，是一家以期刊整体运作为主营业务的平面媒体运营商，凭借多元化运营网络，在期刊运营、图书出版等方面开创了学术出版领域的全媒介运作模式，外延学术会议、创意设计于一体的产业链运营。  2009年至2016年7月，我们以专人专刊团队的形式进行团队的快速组建和复制，   2016年在国家积极推动整合各地杂志社组建期刊出版集团的政策鼓励下，为响应政策号召、实现团队下一步的战略发展规划，我们于16年8月正式更名为成都辛巴文化传播有限公司 。   历年来，辛巴文化先后参与了数百种期刊、图书的选题策划、编辑出版、广告运营等相关工作，先后为国内外各领域学者、教授及在读硕士、博士等科研人员提供20万余人次论文编审、图书出版及代理服务。",本科,猎头顾问助理,￥100/天
FA 外企德科,2020-06-17,公司简介,本科,猎头顾问助理,￥100/天
FA 外企德科,2020-06-17,"公司简介

				SKT思珂特教育是一家帮助青少年获得面向21世纪技能(Skill)、知识(Knowledge)并实现成才蜕变(Transformation)的创新型国际教育集团，其核心团队及顾问由中美顶尖教育专家组成。我们不仅为学员提供卓越的教育产品和成才机会，更致力于成为全球教育系统创新的推动者(Change Agent)，从而为青年一代(Next Generation)释放天赋、实现潜能、拥有绽放的人生创造理想的环境。	
	SKT思珂特教育业务覆盖K12青少年学生综合学科竞赛和合作学习体系、全球主题性研学课程体系、国际人才孵化培养体系、全球教育创新方法论实践体系和青少年人才大数据等5大板块。2016年5月，SKT思珂特教育集团还获得了天使轮战略投资，企业估值数千万元人民币。	
	我们的使命：让教育生动起来，让人的生命绽放 	我们的愿景：成为全球青少年素质教育的领导品牌 	我们的价值观： 	1.	厉行诚正 	 2.	客户中心 	3.	卓越执行 	4.	团队作战 	5.	拥抱变化 	6.	创新思维 	目前下一轮融资及发展正在高速进行中，期待富有教育理想的有识之士共同参与全球教育变革的事业，实现“让教育生动起来，让人的生命绽放”的终极使命。 	
	微信公众号：SKT思珂特教育",本科,猎头顾问助理,￥100/天
FA 外企德科,2020-06-17,"公司简介

				华润三九医药股份有限公司（简称“华润三九”）是大型国有控股医药上市公司，股票代码000999。华润三九前身为原三九企业集团1999年联合发起设立的“三九医药股份有限公司”，于2000年3月9日在深圳证券交易所挂牌上市，于2008年进入华润集团，2010年名称正式变更为“华润三九医药股份有限公司”。华润三九主要从事医药产品的研发、生产、销售及相关健康服务,总市值目前稳定保持在医药行业上市公司前列。 经过近20多年的不懈努力，华润三九多次荣获中国上市公司“金牛百强”、“价值百强”、“最受投资者尊重的百强上市公司”、“最具成长性上市公司”、“中国医药上市公司最具投资价值10强”、“深报指数绩优上市公司”等诸多荣誉；2015年11月，2015年度中国非处方药生产企业综合统计排名发布，华润三九综合排名继2013年度、2014年度之后，再次位居该排行榜榜首，实现 “三连冠”。在非处方药产品统计排名方面，999感冒灵获中成药感冒咳嗽类第一名，999皮炎平获化药皮肤外用类第二名，正天丸获中成药头痛失眠类第二 名，三九胃泰获中成药消化类第四名，骨通贴膏获中成药外用类第四名，999小儿感冒颗粒获中成药儿科类第三名，999小儿氨酚黄那敏颗粒获化药儿科类第四名。2015年，华润三九实现营业收入79亿元，实现归属于上市公司股东的净利润12.49亿元，同比增长20.59%。三九胃泰、999感冒灵、999皮炎 平、999小儿氨酚、999小儿感冒颗粒、999正天丸、999强力枇杷露、气滞胃痛颗粒、999参附注射液、999参麦注射液、华蟾素、999新泰林 （注射用五水头孢唑啉钠）、999中药配方颗粒、天和骨通贴膏等15个品种年销售额均超过亿元人民币。路漫漫其修远兮！经过多年波澜壮阔的市场剧变，华润三九人一直锐意进取，求生存于昔日，展宏图于今时。在全体员工的努力下，公司正迈步走向“中国自我诊疗市场引领者、中药处方药市场创新者”的战略高地。我们坚守“诚实守信”的核心价值观，关爱大众健康，履行社会责任，追求卓越绩效，致力于成就华润三九成为中国最具价值的医药上市公司！在前进的征程中，我们期待您的加入，与子同袍砥砺奋进，共同谱写中国中医药市场新的篇章！",本科,猎头顾问助理,￥100/天
达科电子,2020-06-17,"公司简介

				inditex，全球最大时装分销集团之一，在欧洲、美洲、亚洲和非洲88个国家拥有超过6300余家专卖店。除了最大的零售连锁zara之外，inditex还拥有pull&bear、massimo dutti、bershka、stradivarius、oysho、zara home和uterqüe。我们独特的管理经营模式立足于创新和灵活多变，时装愿景则基于创造和优质设计，再加上快速响应市场需求的能力，使我们能够在国际上迅速扩张并卓越推动了各种商业观念的发展。携手全球超过120,000名优秀员工，我们致力于为数以百万的人们点亮时尚之窗。我们热爱我们的事业，我们寻求简单的解决方案，我们愿意不断学习，而且我们坚信我们每天都在进步！现在，我们寻求志同道合的你加入。如果你热爱时尚、充满活力、乐观向上而又不畏挑战就赶快加入我们吧！第一家zara(www.zara.com)门店于1975年在西班牙拉科鲁尼亚开设，目前已拥有2000多家店遍布世界88个市场主要城市的商业中心。zara在国际上的成功清楚地表明时装文化无国界。凭借一支拥有200多名专业人士的创作团队，zara的设计过程紧跟大众口味。各店铺将信息传递给设计团队，让他们了解顾客的所想所需。各项活动（设计、生产、物流和公司自营店的销售）的垂直整合意味着，zara能够灵活而快速地适应市场变化。其模式以连续不断的产品创新为特色，特别注重店铺设计、店铺橱窗和室内装饰，并且店铺都坐落在主要购物区的***位置。zara公司总部位于拉科鲁尼亚的阿尔特依索。massimo dutti（www.massimodutti.com）成立于1985年，在1991年被inditex收购。今天，它在65个市场拥有超过673家的店铺。massimo dutti为***、***和儿童提供高质量的国际时装，系列包括优雅知性的都市时装和休闲便装等各类型服装。massimo dutti的总部位于巴塞罗那的托耳德拉。pull&bear（www.pullandbeasr.com）是由inditex集团在1991年创立的品牌。品牌自创建伊始，便致力于满足年轻人的时尚需求，以引领便装、休闲装的潮流而闻名。pull&bear期望向顾客提供更多超出服饰销售的服务。因此除了服装、饰品和化妆品之外，连锁店还在店铺中开辟一个以复古潮流为主题的特殊空间，为年轻人提供他们所",本科,Product Manager Intern,￥130/天
FA 外企德科,2020-06-17,公司简介,本科,猎头顾问助理,￥100/天
FA 外企德科,2020-06-17,"公司简介

				金蝶国际软件集团有限公司是亚太地区领先的企业管理软件及电子商务应用解决方案供应商，是全球软件市场中成长最快的独立软件厂商之一，是中国软件产业的领导厂商。金蝶开发及销售企业管理及电子商务应用软件和为企业或政府构筑电子商务或电子政务平台的中间件软件。同时，金蝶向全球范围内的顾客提供与软件产品相关的管理咨询、实施与技术服务。金蝶独特的“快速配置，快速实施，快速应用，快速见效”的个性化产品与服务定位，能够帮助顾客从容面对动态不确定商业环境带来的挑战，实现业务流程与IT技术的完美结合，有效管理变革，确保组织快速持续和健康成长。　　金蝶国际软件集团有限公司总部位于中国深圳，始创于1993年8月，于2005年7月20日在香港联合交易所主板成功上市，股份代号为268。金蝶集团附属公司有专注于中国大陆市场的金蝶软件（中国）有限公司、专注于除中国大陆以外的亚太地区市场的金蝶国际软件集团（香港）有限公司，以及专注于中间件业务的深圳金蝶中间件有限公司等。 　　金蝶国际软件集团有限公司是中国首家获得ISO9001国际质量体系认证的企业应用软件供应商，在中国深圳、上海和北京设有研发中心。金蝶在中国大陆拥有39家以营销与服务为主的分支机构和1000余家咨询、技术、实施服务、分销等合作伙伴。金蝶营销、服务及伙伴网络在中国大陆分为华南、华东、华北、华中、东北、西南、西北七大区域，遍及221个城市和地区；目前本集团拥有员工3200人，客户遍及亚太地区，包括中国大陆、香港、台湾、新加坡、马来西亚、印度尼西亚、泰国等国家和地区，总客户数量超过40万家。图片　　金蝶国际软件集团有限公司是中国第一个WINDOWS版财务软件及小企业管理软件--金蝶KIS、第一个纯JAVA中间件软件—金蝶Apusic和金蝶BOS、第一个基于互联网平台的三层结构的ERP系统—金蝶K/3的缔造者，其中金蝶KIS和K/3是中国中小型企业市场中占有率最高的企业管理软件。2003年3月，金蝶正式对外发布了第三代产品—金蝶EAS (KINGDEE ENTERPRISE APPLICATION SUITE)。金蝶EAS构建于金蝶自主研发的商业操作系统—金蝶BOS之上，面向中大型企业，采用最新的ERPⅡ管理思想和一体化设计，有超过50个应用模块高度集成，涵盖企业内部资源管理、供应链管理、客户关系管理、知识管理、商业智能等，并能实现企业",本科,猎头顾问助理,￥100/天
FA 外企德科,2020-06-17,"公司简介

				秦汉胡同文化品牌2002年启动。秦汉胡同国学深耕泛国艺、大国文领域15年，是目前全球最具影响力的国学文化教育公司。公司本着弘扬经典、传播人文智慧的宗旨，依托极致艺术境教与文化浸泡，凭借彰显专业、创造力、优雅的教师与服务团队，围绕国艺教育、国文教育、国学游学三个模块提供产品和服务。将公司所倡导的艺术气质、文艺精神、学术抱负，通过中国式书斋文化体验，传递给全世界少年儿童与成人，让经典人文极致奢华，让世界柔软。迄今，秦汉胡同的国艺教育、国文教育、国学游学每年惠及全球数十万人，且持续爆发式增长。秦汉胡同的使命：让每个人活出高贵和高华。秦汉胡同座右铭：吾以外皆吾师，倾此生为斯事。秦汉胡同的家企文化：一家人，一条心，一辈子。秦汉胡同的愿景：让诗意照耀阳光，让文字与诗充盈人们的内心。秦汉胡同的核心竞争力：“艺术气质”腹有芝兰气自华；“文艺精神”诗心文胆写春秋；“学术抱负”一事能狂便少年。公司目前在职员工800余人，总部位于上海，随着华南地区的业务的迅速发展，在深圳市福田区、南山区、宝安区、龙岗区皆设有分校，我们将不断创造新的高质量就业机会，与有志之士共享国学事业！如果加入我们，我们将提供完善的在职培训、优良的工作环境及优厚的薪资福利。",本科,猎头顾问助理,￥100/天
达科电子,2020-06-17,"公司简介

				大地云网是一家专注于SDN/NFV、云计算、互联网以及数字媒体技术开发等服务的创新企业，公司成立于2015年9月，在北京和上海设有研发中心，公司目标是成为中国首家全软件、全栈型、全融合型的云网一体化新架构解决方案开发和运营的行业领导者。公司现诚招各方志士，加入大地云网SDN New Startup，在这里让我们一同聚焦一流SDN行业、与业界技术牛人为伍、参与开源社区实际产品开发、引导行业重大创新项目交付、成为业界最有影响力的开发者！欢迎您关注公司官网，了解更多公司相关信息！www.tethrnet.com",本科,Product Manager Intern,￥130/天
北京博科,2020-06-17,公司简介,硕士,考研辅导,￥200/天
北京博科,2020-06-17,"公司简介

				零点有数（原零点研究咨询集团）是源自中国的国际化数据智能服务机构，旗下包括创新数据开发中心、公共事务数据事业群、商业数据事业群、未来商习院。零点有数累积自零点调查创办以来20多年一手数据收集与处理的经验，拥有服务于国内外规模企业、初创企业与公共服务机构的多元实践，聚焦产品互联网化与服务互联网化，基于多元数据汇集与挖掘，支持经济、社会、文化与政策决策。零点有数科技（原零点集团）同时拥有一支学科配置整齐、专业人员年轻、国际与国内职员兼有、高度自觉的学习型研究队伍，现有研究人员来源于社会学、统计学、心理学、市场营销、经济学、工商管理与公共管理学、财务投资、计算机科学、法学等相关专业方向，95%以上的全职研究咨询人员具有硕士及硕士以上学历， 50%以上的研究咨询人员拥有4年以上的专业市场研究经验，30%以上的研究咨询人员具有海外学习背景，团队同仁秉持“勤奋敬业，分享成就”的企业精神，进行持续不懈的业务探索和开拓。",硕士,考研辅导,￥200/天
北京博科,2020-06-17,"公司简介

				北京海天瑞声科技有限公司（Speechocean）是一家全球性的多语言数据资源和相关科研辅助服务提供商，其服务的领域包括语音技术，网络搜索、呼叫中心和汽车语音识别、机器翻译以及其他智能技术领域，服务对象为所有涉及文本分析处理、语音和语言学习等领域的科研机构。自1998 年以来，北京海天瑞声科技有限公司已经为全球 120 余家科研机构和组织提供包括语音类（TTS 和ASR ），文本类（TXT ），机器翻译类（MT），网络搜索类、模式识别类（PR）等方面的数据资源和专业化的科研辅助服务。",硕士,考研辅导,￥200/天
上海蜗兴科技有限公司,2020-06-17,"岗位职责：

1、参与公司网站开发、维护、实施、测试；

2、负责现有网站的维护和升级；

3、负责解决开发过程中的技术问题；

4、根据开发规范与流程独立完成编码、测试及相关文档；

5、确保相关代码的有效性和正确性。",大专,java开发实习生,￥200/天
达科电子,2020-06-17,"公司简介

				空中网是中国领先的网络游戏研发商和运营商，致力于为中国及海外互联网用户提供高品质的大型在线游戏服务，同时为中国手机用户提供多元化的无线娱乐服务。  
公司于2004年在美国纳斯达克上市（NASDAQ：KZ），目前公司业务覆盖互联网游戏、手机游戏以及无线增值三大领域。",本科,Product Manager Intern,￥130/天
北京博科,2020-06-17,"公司简介

				博科技术战略合作者——德勤咨询在与博科技术2011年至今的战略合作基础上，全面更新IT人才战略计划，于2016年正式启动卓越人才校园招聘计划。德勤咨询内部，有一个专用名词“博科Intern”，博科Intern指的是那些踏实肯干、学习能力超群、成长迅速的一群人。加入该计划，您即将成为他们中的一份子！ 从2011年至今，总共500多人通过该项目成为咨询顾问，目前年薪超过30万的有40多人，20万以上年薪的150人以上，月薪超过1万的总数450人以上。几年下来，他们已经傲视同学，成为他们中的佼佼者。",硕士,考研辅导,￥200/天
达科电子,2020-06-17,"公司简介

				青桐资本是一家新兴的本土投资银行和风险投资公司，专注于互联网、消费服务、能源环保等领域中早期创业公司的投行与投资业务，公司总部位于上海，现设有北京、深圳、杭州办公室。青桐资本核心团队成员均来自国内一线投资银行机构，累计完成的交易额超过十亿美元，涉及互联网、汽车后服务、物流、金融服务、教育等多个行业。",本科,Product Manager Intern,￥130/天
海康威视武汉大区,2020-06-17,"公司简介

				海康威视(股票代码：002415)是领先的安防产品及行业解决方案提供商，致力于不断提升视频处理技术和视频分析技术，面向全球提供领先的安防产品、专业的行业解决方案与优质的服务，为客户持续创造更大价值。海康威视拥有业内领先的自主核心技术和可持续研发能力，提供摄像机/智能球机、光端机、DVR/DVS/板卡、网络存储、视频综合平台、中心管理软件等安防产品，并针对金融、公安、电讯、交通、司法、教育、电力、水利、军队等众多行业提供合适的细分产品与专业的行业解决方案。这些产品和方案面向全球100多个国家和地区，在北京奥运会、大运会、亚运会、上海世博会、60年国庆大阅兵、青藏铁路等重大安保项目中得到广泛应用。公司的营销及服务网络覆盖全球，目前在中国大陆35城市已设立分公司，在洛杉矶、香港、阿姆斯特丹、孟买、圣彼得堡和迪拜也已设立了全资或控股子公司，并将在南非、巴西等地设立分支机构。持续快速发展的海康威视，已获得了行业内外的普遍认可。公司连年入选“中国安防十大品牌”、中国安防百强（位列榜首）；连续三年(2005-2007)入选德勤“中国高科技、高成长50强”、连续三年(2006-2008)入选福布斯“中国潜力企业”；连续六年(2007-2012)以中国安防第一位的身份入选《A&S》“全球安防50强”；2011-2013年连续3年名列iHS全球视频监控企业第1位；2013年，公司监控摄像机/NVR/DVR三类产品位列全球第1位；连年入选“国家重点软件企业”、“中国软件收入前百家企业” （位列第8）等；连年被评为“最佳雇主”。“专业、厚实、诚信、持续创新”的海康威视，以人人轻松享有安全的品质生活为愿景，矢志成为受人尊敬的、全球卓著的专业公司和安防行业的领跑者。",本科,财务助理,￥60/天
海康威视武汉大区,2020-06-17,"公司简介

				浙江外服猎头事业部，依托浙江外服全国17家分子公司，以上海和杭州2个office为起点，专注于大金融行业、快消品零售电商、IT通讯技术类，以及财务人事等职能。其核心顾问团队均为从业10年以上人力资源专业人士、猎头圈内知名百万级别顾问。团队风格为典型外企风格，强调执行力、效率、学习能力。团队文化为团队合作、客户第一、责任心、执行力、学习进取、诚信守诺。",本科,财务助理,￥60/天
上海蜗兴科技有限公司,2020-06-17,"岗位职责：

1、全面负责公司业务流程，后台系统、接口的功能测试。

2、负责缺陷反馈跟踪、知识库维护；

3、负责测试环境、仿真环境等测试集成环境建设和维护；

4、协同项目经理、研发工程师推进项目进度，驱动缺陷的有效解决。

 

福利待遇：

1、丰富多彩的集体活动（员工旅游，节日聚会，生日趴，年会等等。）

2、入职购买五险一金、周末双休、员工旅游、员工体检、带薪年假。",大专,java开发实习生,￥200/天
上海蜗兴科技有限公司,2020-06-17,"岗位职责：
1、WEB网站前端HTML页面制作；
2、同后端程序工程师紧密合作，高效地完成开发工作；
3、分析、优化网站前端性能，为用户提供更好的体验。



福利待遇：

1、丰富多彩的集体活动（员工旅游，节日聚会，生日趴，年会等等。）

2、入职购买五险一金、周末双休、员工旅游、员工体检、带薪年假。",大专,java开发实习生,￥200/天
达科电子,2020-06-17,"公司简介

				中南菩悦是由菩悦资产(陈凯团队)携手中南建设(SZ000961) 共创的创新型地产平台,总部位于上海,专注地产股权投资、资产并购与开发运营。",本科,Product Manager Intern,￥130/天
海康威视武汉大区,2020-06-17,"公司简介

				杭州骑客智能科技有限公司，是一家依托于教育部计算机辅助产品创新设计工程中心、浙江大学国际设计学院和浙江省服务机器人重点实验室等专业机构共同孵化，由国内著名投资机构共同投资的高科技企业。       公司拥有强大的研发专家团队，在软件开发、工业设计、自动化控制等领域均系技术权威人士，均系业内的顶级专家，公司的研发团队为业内强大而卓越的研发团队之一。骑客系列产品是本公司专家团队历经8年潜心研发，至今已拥有多项项核心专利技术的高科技产品，骑客系列产品是业内研发时间长、拥有核心专利技术多的产品之一 。公司强大的母体资源，为公司的专业化人才及创新产品输送提供了良好的保障。        骑客智能平衡车融入了“嵌入式技术+工业设计+机电一体”为核心的信息产品创新技术，以独特的理念，经过8年反复优化，成功研制出简约时尚的外形、复杂精密内在的高品质产品，公司对精确控制车辆平衡及动力输出提出了新的标准。公司是业内率先使用矢量平衡技术的企业，骑客产品经过专家精心打造，拥有业内安全、独特的9重安全保护，骑客品牌的安全精品策略为行业产品安全树立新的标杆。",本科,财务助理,￥60/天
达科电子,2020-06-17,"公司简介

				海棠金融(全称金海棠资产管理有限公司)，为通江投资集团投资的全资子公司，注册资金1亿元人民币。 母公司上海通江投资集团有限公司（后简称""通江投资集团""），自2009年于上海成立伊始，即秉持""侧身践行、恭勤不倦""与""同分享、同见证""的集团经营理念，紧扣中国经济的兴盛脉搏与发展机遇，经过近六年的躬耕不止，通江投资集团现已领先的形成一家专注于金融创新与实业投资的大型产业链综合集团。 在实业投资端，集团业务已覆盖纺织化工、生物科技、文化传媒、酒店饮食、汽车交易、新农业等众多领域，初步完成实业投资运营的战略布局。在金融创新端，集团已领先的开展从基金管理、财富管理、互联网金融、资产管理到投融资、保理等业务的一整套综合化金融服务。 今天的通江投资集团，聚集了来自地产、银行、信托、互联网金融、融资租赁、法律、财务等领域的专业人士，组建成高度专业化、市场化的管理团队与极其完善的运营架构。截止2014年底，集团已拥有十余家子公司及众多分支机构，近2000名正式员工，总资产规模超100亿，累计基金管理规模近200亿元。",本科,Product Manager Intern,￥130/天
海康威视武汉大区,2020-06-17,"公司简介

				义乌知方投资咨询合伙企业是国内领先的投资咨询、投资管理服务资等金融业务）  投资咨询、投资管理服务。义乌知方投资咨询合伙企业位于浙江省义乌市苏溪镇义北工业园区交通便利。义乌知方投资咨询合伙企业本着“客户第一，诚信至上”的原则，欢迎国内外企业/公司/机构与本单位建立长期的合作关系。公司拥有一支较强的技术研发队伍并和国内多家机构强强联手。热诚欢迎各界朋友前来参观、考察、洽谈业务。义乌知方投资咨询合伙企业主营：。陶建伟欢迎新老客户来电咨询。",本科,财务助理,￥60/天
达科电子,2020-06-17,"公司简介

				上海润格美术学校简介：	上海润格美术学校是上海最好的美术类培训机构之一,学校教师均毕业于华东师范大学，上海戏剧学院等国家重点艺术院校;学校针对美术高考组建高考教研组，以科学系统的绘画理论以及技法组织教学，在历届高考中都取得显著的成绩。润格美术是为华东师范大学，上海音乐学院（媒体设计），上海视觉艺术学院，东华大学、上海大学、工程技术大学等高校输送人才的美术教育基地,我们每年的上海美术联考本科录取率在98%以上！润格针对高考美术强化班,让学生在最短的时间内，更快、更好的掌握绘画技能，考入理想的大学。	 润格以人为本的特色教学理念，使学生在有效的时间里获得最满意的效果, 为每个学生搭建走向成功的平台！	公司网站：www.hotyougart.com	地址：	徐汇区虹漕南路9号鸿洋创意园区1号楼4层	黄浦区南京西路993号11楼  	崇明县堡镇新港路138号",本科,Product Manager Intern,￥130/天
海康威视武汉大区,2020-06-17,"公司简介

				浙江光越传动科技有限公司（以下简称：光越）成立 于1997年，注册资金1500万元，主营各类进口轴承的代理销售。目前主要销售的品牌有NSK、TIMKEN及其他各品牌进口轴承，实现多品牌、多元化经营。光越作为日本精工株式会社（NSK）最高授权级别的经销商，年销售额超3亿元，业务区域覆盖华东、华南、华北、华中，拥有上海、安徽、湖南三家分公司以及深圳、青岛、沈阳等办事处。公司在汽车行业轴承销售全国名列 前矛，成为国内民族汽车产业的佼佼者，是奇瑞汽车和华晨汽车的核心供应商。公司有千余家客户遍布全国各个行业，除汽车行业外，在流体机械、纺机机械、工程机械、食品机械、精密机械、电力等行业均拥有大量客户，其中不乏各行业的领军企业，如娃哈哈、新界泵业、开山集团、津上精密机床、南方浩元泵业、日本电产新宝、杭州前进齿轮箱集团等。 光越秉持诚信、高效服务的经营宗旨，坚持以人为本 的管理理念，践行务实、崇学、创新、向善的核心价值观，将人才视为光越的核心竞争力，致力于打造顶级的营销及管理团队。",本科,财务助理,￥60/天
华盈生物,2020-06-17,"公司简介

				上海华盈生物医药科技有限公司 位于上海张江高科技园区，是医学生物技术领域的特色高科技企业。2012年3月，华盈生物由原生物芯片上海国家工程研究中心副主任即技术平台建设主要负责人张庆华博士发起创建。张庆华博士是国家生物芯片标准化委员会等多个国家级学会的委员，承担和参与了国家重大科技专项、“863”、“973”、自然科学基金等多个科研项目，被多所重点高校聘为博士生导师，并享受国务院特殊津贴。    华盈生物以科学和专业为服务理念，视人才队伍为企业生命，汇聚了多名多年从事基因组学与系统生物学研究的高层次研究人员。公司团队中 30% 成员具有博士学历，40% 成员具有硕士学历，30% 成员具有大学本科学历，是一支名副其实的高学历科技人才队伍。严谨、严格、创新和求真务实的工作作风贯彻公司上下。    华盈生物以蛋白与抗体芯片的技术研发与推广为核心，与美国 Full Moon、RayBiotech、CDI 等国际专业公司结成战略伙伴，与美国John Hopkins大学、上海交通大学、复旦大学等知名院校展开紧密合作。引进和开发了丰富的蛋白芯片与抗体芯片技术平台，提供信号通路蛋白质磷酸化、胞内蛋白质表达、细胞因子表达、蛋白质相互作用、血清抗体谱筛选等多项蛋白水平组学技术服务项目。同时，公司充分发挥核心团队系统生物学研究背景优势，积极发展基因表达谱芯片、microRNA芯片、LncRNA芯片、PCR Array等多项基因水平研究技术服务，力求通过强大的数据挖掘与分析延伸服务打造出一个立体的组学科研技术服务体系，实现广大科研工作者“一站式”;科研服务的愿望。",本科,技术服务推广专员,￥80/天
达科电子,2020-06-17,"公司简介

				中企人力资源咨询有限公司长期专注于人力资源服务领域，至今已拥有超过十五年的专业经验。中企人力秉承精益求精的管理传统，于2004年全面通过挪威船级社（DNV）ISO9001：2000质量管理体系的审核认证，于2010年全面通过ISO9001：2008版本升级认证并且连续贯标至今。在“人事外包”、“招聘猎头”、“企业培训”、“商务咨询”、“法律服务”等业务领域树立了流程标准化的行业标杆。	中企人力资源咨询有限公司汇集了一批具有国际视野和丰富从业经验的人力资源资深专家，团队年轻、充满活力。公司以客户需求为导向，坚守“基于专业、源自热诚”的经营理念，精心打造的“中企人力”服务品牌赢得了市场广泛认可与赞誉，并已拥有一批稳定的世界500强客户。中企人力近年来实行跨地区的发展战略，已分别在北京、广州等多个大中型城市开设分公司，服务覆盖包括省会城市与二级地市在内的100多个城市和地区，以日臻完善的战略布局和服务架构向广大用工单位提供全面的人力资源解决方案和全国连锁性的专业服务。",本科,Product Manager Intern,￥130/天
上海蜗兴科技有限公司,2020-06-17,"岗位职责：

1、协助网页设计师完成前台页面设计和编辑等工作；

2、协助网页设计师美化及处理网站图片，提高用户体验；

3、完成公司安排的辅助设计等工作；



福利待遇：

1、丰富多彩的集体活动（员工旅游，节日聚会，生日趴，年会等等。）

2、入职购买五险一金、周末双休、员工旅游、员工体检、带薪年假。",大专,java开发实习生,￥200/天
上海蜗兴科技有限公司,2020-06-17,"任职要求：
1、大专以上学历，新闻相关专业优先考虑；

2、学习能力强，具备良好的沟通表达能力；

3、在校期间运营过微信公众号的优先考虑；

4、踏实、稳重；",大专,java开发实习生,￥200/天
北京博科,2020-06-17,"熟悉初中数学内容

								会做PPT",硕士,考研辅导,￥200/天
北京博科,2020-06-17,"PPT

								word

								ps

								excel",硕士,考研辅导,￥200/天
上海蜗兴科技有限公司,2020-06-17,"岗位职责：
1、根据公司需要开发相应的软件系统，编制开发系统需求说明及设计说明书；
2、协助管理及维护相关产品的源代码及软件升级事项；
3、协助完成信息系统的实施及维护，所属片区店铺日常维护
4、安全监管：信息制度的监管（软件、硬件）

福利待遇：

1、丰富多彩的集体活动（员工旅游，节日聚会，生日趴，年会等等。）

2、入职购买五险一金、周末双休、员工旅游、员工体检、带薪年假。",大专,java开发实习生,￥200/天
北京博科,2020-06-17,"公司简介

				北京看看车科技有限公司（以下简称看车）是一家专注通过O2O模式为买车卖车客户提供专业全面服务的科技驱动型互联网公司，成立于2014年，前身是国内 CarMax 连锁卖场 “帅车"",核心团队具有7年二手车线下运营经验。2015年开始业务拓展，现全国员工1000余人，在线销售车辆10万余台，开展60个主业务城市，服务近万商家。公司先后获得硅谷顶级风险投资机构数百万美元A轮投资，和国内大咖上千万美元B轮投资，C轮正在洽谈中。
看车旨在让每一个二手车消费者拥有最满意的购车体验！拥有海量优质车源，提供资深顾问1对1高品质服务，购车分期业务。我们专业，所以自信，敢于向顾客提供无重大事故保证书，价格透明，买的放心。",硕士,考研辅导,￥200/天
北京博科,2020-06-17,"基地管理

								产能预报

								库房管理

								物流管理

								农业种植",硕士,考研辅导,￥200/天
海康威视武汉大区,2020-06-17,"公司简介

				浙江龙蛇网络科技有限公司（ZheJiang LongShe Network Technology CO.,LTD.)是一家专业从事棋牌类赛事信息网运营及开发的网络科技公司。    公 司 成 立 于2014 年 9 月，公司 拥有 强大 的技术团队，致力于为全 球棋 牌类爱好者提供共同交流及学习的平台，公司的棋类比赛编 排 软件客户已遍及国 内外共有1600多家，受到客户的一致认可及好评目前公司开发的棋牌赛信息网，可实现在线报名、代收报名费及赛事奖金分配功能，并提供预定酒店餐厅，旅游报团及门票通道，棋牌类网上商城等。",本科,财务助理,￥60/天
上海蜗兴科技有限公司,2020-06-17,"任职要求：

1、熟悉python语言，1年以上python工作经验；

2、掌握linux开发环境和shell脚本；

3、了解java或者其它语言优先。



福利待遇：

1、丰富多彩的集体活动（员工旅游，节日聚会，生日趴，年会等等。）

2、入职购买五险一金、周末双休、员工旅游、员工体检、带薪年假。",大专,java开发实习生,￥200/天
北京博科,2020-06-17,"公司简介

				北京博科技术股份有限公司是专业的高端IT开发和世界500强的资源池(Resource Pool)供应商，是德勤、凯捷、石化盈科、南瑞集团的战略合作伙伴，是北京市高新技术企业、双软企业。年人才订单（仅四个客户：南瑞集团、德勤、石化盈科、凯捷）需求量超过5000人，目前只能满足100-200人，人才缺口巨大。北京博科技术股份有限公司成立于2012年，是北京博科管理技术有限公司的关联公司，目前有员工500多人，分布在全国40多个城市。从事SAP项目咨询、开发等工作，博科技术的责任是项目管理，Payroll，劳动关系管理、费用报销、绩效管理、工作过程中能力提升、人员在项目之间的调度等公司非常注重员工的职业技能培养及继续教育，从岗前的专业技能培养到职业生涯规划，从入职前的本科教育到工作中的研究生再教育都有一套完整的培养计划及福利机制。加入博科，你获得的不仅仅是一份工作，是学历、技能、收入、平台、能力，是一个温暖的大家庭！",本科,财务管理,￥120/天
拉法耶特百货(上海)有限公司,2020-06-17,"任职资格:
1、本科及以上学历，人力资源，管理学相关专业。
2、具有猎头公司2年以上招聘工作经验。 
3、较强的沟通协调能力和适应能力。
4、英语听说读写流利，日常办公英文邮件及与外籍员工口语沟通。",本科,人事专员/招聘专员,￥8000/月
海康威视武汉大区,2020-06-17,"公司简介

				优胜教育集团是中国著名的个性化教育培训企业之一，集团创始人自1999年从事个性化教育以来，积累了丰富的个性化一对一教育成功运营经验。集团正式成立于2004年，经过多年发展，沉淀了数百名行业顶尖运营管理人才和近百人的个性化教育研究团队。集团旗下涵盖面对0-18岁人群的的各类辅导项目。优胜一对一个性化辅导是优胜教育集团的核心产品项目，课程涵盖6-18岁，一年级至高三年级的全科文化课辅导。优胜教育集团一直致力于以一流的专业师资团队、先进的教学理念、完善的教学模式，坚持以人为本的素质教育思想，更好的服务社会，是目前国内大型个性化辅导行业的支柱型企业之一。优胜教育一直致力于中国个性化教育体系的研究和实践，在个性化教育领域里形成了以“YOUWIN教学法”为代表的独特的个性化教育体系和模式。在核心产品体系、项目运营、标准化体系管理、品牌营销等方面具有独特的优势。2008-2012年连续被新浪网、腾讯网等知名媒体评为“十大教育辅导机构”、“最具影响力的个性化教育连锁机构”。集团在2012年正式与CCTV企业频道达成合作伙伴关系。经过多年努力，集团已经成为了全国性连锁个性化教育机构。总部设在北京，在天津市、河北省、山东省、江苏省、浙江省、安徽省、河南省、湖北省、湖南省、山西省、陕西省、广东省、内蒙古、云南省、辽宁省、吉林省等多个省市设有分支机构。优胜教育现在在全国范围内有直营校区和加盟分校共306家，并计划在未来三到五年内开设1200家学习中心，其中直营店300家，加盟店900家，力争成为个性化教育全国连锁机构第一品牌！",本科,财务助理,￥60/天
华盈生物,2020-06-17,"公司简介

				公司本着人才是企业发展之根本，致力于为企业提供最优质的服务，也为员工提供愉悦的环境以及明确的职业上升通道。			-拥有多年的行业内的招聘咨询相关经验，可以很快的了解客户照片的痛点和难点并有效解决问题				-熟悉TMT行业，可以提供应该的咨建议				-专注，每一个顾问都只负责自己所擅长的领域的职位招聘				-行业资源，我们的顾问在各自的领域拥有丰富的候选人资源",本科,技术服务推广专员,￥80/天
北京博科,2020-06-17,"公司简介

				珠海阿克斯科技有限公司是一家创业公司，致力于打造新一代社区社交活动平台。由留美博士、资深媒体人、BAT大咖共同创业，已获得一千万天使投资。总部在珠海，在北京、广州设有办公室。",本科,财务管理,￥120/天
华盈生物,2020-06-17,公司简介,本科,技术服务推广专员,￥80/天
北京博科,2020-06-17,"公司简介

				          广州云盘信息科技有限公司成立于2014年，注册资金1001万，现有业务覆盖广州、深圳、北京、济南、重庆、昆明、郑州、南京、西安、乌鲁木齐等全国多个城市地区，专注于为教育、金融、医疗行业客户提供业务自动化、信息安全、创新科技等方面的综合解决方案，致力于成为云时代客户高效、安全、创新业务领域的指南针（云盘，云中罗盘）。",本科,财务管理,￥120/天
华盈生物,2020-06-17,"公司简介

				人人贷理财-中国AAA级个人金融服务平台,互联网百强企业,以透明、高效、可靠的口碑赢得235万注册用户,获1.3亿美元融资,交易量破130亿元,携民生银行存管,太平洋保险承保,理财端全面升级为WE.COM.",本科,技术服务推广专员,￥80/天
上海蜗兴科技有限公司,2020-06-17,"任职要求：
1、大专以上学历，新闻相关专业优先考虑，有微信运营相关经验者优先考虑（欢迎优秀应届生、实习生）；
2、具备扎实的文字功底，文字流畅、逻辑清晰；
3、具有较强的理解能力、沟通表达能力。

视扬传媒旗下包括微信订阅号“电视剧鹰眼（ID：TV-insight）”、“鹰眼网剧（ID：tbyywj）”、“鹰雄会(ID：video-team）”、“广告雷达（ID:shiyangguwen）”及服务号“视扬电视剧鹰眼(ID:TVInsight）”、“视扬广告雷达（ID:adradar）”六大行业自媒体平台。",大专,java开发实习生,￥200/天
华盈生物,2020-06-17,"公司简介

				我的工作享当当！当当网 -- 中国电子商务发展的领跑者当当网 -- 全球最大的、以图书为主体、兼营特色百货的中文网上书店当当网 -- 面向 全世界的网上消费者提供 60 万种图书音像，并有家居百货、化妆品、数码等几十个类别共计百万种商品当当网 -- 方便超值的网络购书及购物，每天让近千万的网上消费者轻松得到精神和物质上的收获，让你的生活更多愉悦快来加入当当网！或许我们曾经陌路，或许我们曾经是对手，但我们可能是更好的工作伙伴。这里将给予你飞翔的天空、畅游的海洋、驰骋的疆土。这里是一个任由你发挥创造的平台！这里所需要的仅仅是你的热忱与才智！诚邀加盟当当，一起收获！共同愉悦！公司简介当当网（www.dangdang.com）是全球最大的综合性中文网上购物商城，由国内著名出版机构科文公司、美国老虎基金、美国IDG集团、卢森堡剑桥集团、亚洲创业投资基金（原名软银中国创业基金）共同投资成立。    1999年11月，当当网(www.dangdang.com) 正式开通。成立十年来，当当网销售业绩增加了400倍。当当网在线销售的商品包括了家居百货、化妆品、数码、家电、图书、音像、服装及母婴等几十个大类，逾百万种商品，在库图书达到60万种。目前每年有近千万顾客成为当当网新增注册用户，遍及全国32个省、市、自治区和直辖市。每天有上万人在当当网买东西，每月有3000万人在当当网浏览各类信息，当当网每月销售商品超过2000万件。",本科,技术服务推广专员,￥80/天
华盈生物,2020-06-17,"公司简介

				嘉实基金成立于1999年3月，是国内最早成立的10家基金管理公司之一，于2002年底被选为全国首批投资管理人。2005年6月，德意志资产管理公司参股嘉实，使嘉实成为目前国内最大的合资基金公司之一。2005年8月，嘉实被选为首批企业年金投资管理人。",本科,技术服务推广专员,￥80/天
华盈生物,2020-06-17,"公司简介

				数据堂正式成立于2011年，是一家专注互联网综合数据服务的公司。 2014年12月10日，数据堂正式在全国中小企业股份转让系统（新三板）挂牌上市，成功登陆资本市场。 数据定制、数据商城、移动应用数据服务是数据堂旗下三大核心业务。”专注数据，共享价值“一直是数据堂的数据服务理念。数据堂旨在融合和盘活各类大数据资源，实现数据价值最大化，推动相关技术、应用和产业的创新。公司在北京、南京、镇江、天津、保定建有专业数据处理中心，已为多家国内外企业提供数据定制服务。 数据堂客户已包括百度，腾讯，阿里巴巴、奇虎360、联想、科大讯飞等国内顶级互联网和高科技企业，Microsoft、NEC、Canon、Intel、Samsung、Nuance、Fujitsu等国外企业及在华研发机构。公司地址：北京海淀区中关村大街18号科贸大厦数字物流港18层 100190",本科,技术服务推广专员,￥80/天
华盈生物,2020-06-17,"公司简介

				上海异丽派实业有限公司（优酷视频网【天籁圣者（上海）青年演艺导演组】） 前身为上海Z3演艺俱乐部，成立于2002年7月;2002年张艺谋导演的《英雄》影片在上海举办的新闻发布会使我们进入了这个充满机遇的公关活动行业； 我们秉承专业、严谨、创新的行事风格；以“安全、创意、专业、诚信”为信条，为各大企业导演：年会、演唱会、国内外新闻发布会、大型户外媒体广告制作、品牌路演等活动提供了高质量且【同一天，只导演一场】的高精准策划及执行服务；虽然13年来我们【同一天，只导演一场】的理念使我们减少了很多同档期的生意与利润 ，但我们【天籁圣者人】相信，这就是我们的“人生观、价值观、世界观”，这也同样体现出了我们在中国演艺圈的“社会地位”！我们只为做最好的活动！ 演艺行业是一条充满机遇，但时刻需要坚持的道路，有人说“机会是给准备好的人”；但【天籁圣者】认为这句话是错的，因为机会是无形的，我们无法为一个无形的事物去做充分的准备； 但是【天籁圣者】相信，机会应该是给予那些【勇于坚持、勇于全新开始】的人们；【天籁圣者】就是在坚持和开始的过程中经历了13年的岁月；所以，在演艺圈这个行业，只要你勇于坚持 、勇于全新开始，你就有可能抓住机会，实现自己一直坚持的梦想，并且让梦想更伟大！上海异丽派实业有限公司 （优酷视频网【天籁圣者】真人秀栏目组） 前身为【天籁圣者】Z3演艺俱乐部，成立于2004年7月。目前【天籁圣者】在优酷视频网的全国观众人数已经突破331万！【天籁圣者】优酷视频官网http://u.youku.com/honeyecho

 【天籁圣者】-上海异丽派实业有限公司常年专注于国内外新闻媒体、大型户外媒体、路演、年会、大型演唱会策划事业的发展与研究，曾先后与正大集团【卜蜂莲花】大型连锁卖场、上海恒隆广场、上海百联中环购物广场、上海百联西郊购物广场、上海百联又一城、上海百联友谊商店、上海中粮大悦城、上海美罗城、上海徐家汇港汇广场、上海353广场、上海日月光购物中心、南京水游城购物广场等大型购物商场建立了良好的战略合作。

 同时，也是获得共青团上海市委红头文件的共青团上海市委“上海青年风尚节”指定邀请的演唱会策划团体及上海主流媒体《新民晚报》报道承认的“民间文化新势力”演艺团体。作为共青团上海市委指定的演出策划单位，也作为《新民晚报》报道承认的“民间文化新势力”演艺策划团队，上海异丽派实业有限公司秉承一贯的专业、严谨、创新的行事风格，为各大企业年会、演唱会、国内外新闻媒体、大型户外媒体、路演提供了高质量的策划方案与执行服务。 

随着后世博时代的到来，我们为了适应新市场到来的需求，率先整合旗下【天籁圣者】“真人秀”品牌的资源与经验，形成了一个以品牌设计策划、活动带动广告宣传为核心的综合型创新广告策划宣传服务企业。 

【天籁圣者】-上海异丽派实业有限公司将秉承先进的4A广告管理组织和运作模式，相对独立地完成一个个完整的项目，体现出公司高度的完备性和高效性。 我们具有前瞻性的国际视野，也对蓬勃发展的中国市场有着深刻的理解。我们的目标是为客户创造利益，为社会创造价值，为个性提供空间。 我们深信，我们的服务将给您带来更多的惊喜和信赖，并为市场不断创造价值。",本科,技术服务推广专员,￥80/天
上海蜗兴科技有限公司,2020-06-17,"任职要求：
1、大专以上学历，新闻相关专业优先考虑，有微信运营相关经验者优先考虑（欢迎优秀应届生、实习生）；
2、具备扎实的文字功底，文字流畅、逻辑清晰；
3、具有较强的理解能力、沟通表达能力；
4、对电视剧有兴趣，且能提出独特看法及想法；",大专,java开发实习生,￥200/天
上海蜗兴科技有限公司,2020-06-17,每周保证3天以上工作时间,大专,java开发实习生,￥200/天
达科电子,2020-06-17,"公司简介

				Palmer Hargreaves is a marketing agency with offices in the UK, Germany, Russia and China. Our offering focuses on four key areas - Strategy, Creative, Content & Technology.   We are a team of passionate and highly qualified diggers, instigators and measurers who love to solve the complex marketing challenges our clients face. Every challenge begins with the strategy, before we move to develop any creative or content. We are a firm believer in adopting new technologies to make marketing more efficient and more measurable.   From ensuring the big idea is delivered efficiently and effectively to the right people - in the right way, at the right time, everytime. To creating new initiatives that stick with customers - increase sales and market share, reduce attrition, while increasing engagment and improving lifetime value.   Solving, creating and measuring. It's what we love doing.",本科,Product Manager Intern,￥130/天
海康威视武汉大区,2020-06-17,公司简介,本科,财务助理,￥60/天
海康威视武汉大区,2020-06-17,公司简介,本科,财务助理,￥60/天
北京博科,2020-06-17,"公司简介

				英格玛人力资源集团成立于2002年，是中国领先的人力资源外包服务机构;集团致力于成为中国人力资本经营服务专家，让人力资本实现最大价值，从而推动社会发展，并让我们的世界变得更加美好。 集团主营业务包括:人事外包、制造承包、金融服务外包、招聘流程外包、中高级人才搜寻、大学生职业能力提升、人力资源战略咨询等多个专业人力资源外包服务领域。集团旗下现拥有18家分支机构，管理团队250多人，外派雇员27000多人，年培训及供应人才能力超过5万人，集团成立以来，累计培训及安置就业的员工超过80万人。",硕士,考研辅导,￥200/天
拉法耶特百货(上海)有限公司,2020-06-17,"任职要求

1.大三或今年有出国计划的在校大学生

2.每周保证3天以上的实习时间",本科,人事专员/招聘专员,￥8000/月
拉法耶特百货(上海)有限公司,2020-06-17,"职位要求：

1. 具备优秀的热点感知能力，喜爱上网冲浪，是抖音，微博，微信，A站B站，头条知乎等平台的深度用户。能够发掘热点选题，并对选题形成你自己的看法。上学期间，自己做过新媒体加分，如果有自己的账号，可以附上。

2. 扎实的文案功底，思路清晰文笔好，熟悉网络语言，能写出拥有自己风格的文章。

3. 熟练掌握PR，AE等视频非线性编辑处理软件。

4. 有一定的图片编辑能力和排版审美能力，会使用PS优先。

5. 性格开朗，有良好的沟通能力和学习能力。

 

【附加】请务必在简历中体现以下内容方可进入筛选流程

 1、列举三个你平时看得最多的自媒体KOL（抖音，微博博主，微信公众号，UP主等皆可），并说明理由。

 2、报三个你觉得近期可以做的内容选题，要求必须和儿童教育有关。


【实习时间】

至少3个月以上，每周至少可以实习4天（6个月以上优先）

 【简历投递要求】

1、投简历需附带个人作品（作品类型不限，能展示设计能力即可）；

2、对游戏及游戏行业感兴趣，在简历中备注游戏经历尤佳；

3、命名格式：职位-地区-姓名-学校-专业-到岗时间-每周实习几天-可实习几个月（时间长者优先）-招聘信息来源


实习补贴：2500元/月，公司有餐厅，提供免费三餐+下午茶；提供班车接送。",本科,人事专员/招聘专员,￥8000/月
拉法耶特百货(上海)有限公司,2020-06-17,"职位描述 
职位描述  
技能要求： 
1. 美术设计、视觉设计、平面设计、插画或相关专业的毕业生，本科或以上学历 
2. 熟练使用Photoshop、Indesign、flash等常用软件 
3. 对排版、图文制作有较强把握能力 
4. 有课件制作、flash动画制作，手绘能力者优先",本科,人事专员/招聘专员,￥8000/月
拉法耶特百货(上海)有限公司,2020-06-17,表现优异者有留任机会。,本科,人事专员/招聘专员,￥8000/月
拉法耶特百货(上海)有限公司,2020-06-17,"岗位要求：
1、口头和书面表达能力较好，能够撰写各类文档和沉淀性输出
2、工作认真细心，责任感优秀
2、教育专业加分，英语相关专业加分

【实习时间】
3个月以上，每周至少可以实习4天（6个月优先）

【实习地点】
杭州市滨江区网商路599号网易大厦

【简历投递】
1、对游戏及游戏行业感兴趣，在简历中备注游戏经历尤佳；
2、命名格式：职位-地区-姓名-学校-专业-到岗时间-每周实习几天-可实习几个月（时间长者优先）-招聘信息来源

【其他信息】
实习补贴：2500元/月，公司有餐厅，提供免费三餐+下午茶；免费班车接送

备注： 因网易负责此岗位的HR在广州，投递简历作品后请留意广州020-8510开头的来电。",本科,人事专员/招聘专员,￥8000/月
北京博科,2020-06-17,"公司简介

				主打真人秀节目，培养你成为文案小能手，实拍全能人。",本科,财务管理,￥120/天
北京博科,2020-06-17,"公司简介

				广州市国科禾路信息科技有限公司，驻点广东省科技厅大院四号楼，毗邻广东省人民政府，掌握政策动态和科技服务前沿信息，拥有一支导师式、顾问型的创新服务专家，为企业输出一站式的综合性科技服务。为企业提供综合型顾问式科技服务，内容包括政府资金或免税项目申报、知识产权专业服务、审计等税务所服务、科技创新管理等。一、科技计划项目： 省/市中小企业创新基金、科技创新小巨人、高新技术企业培育、省部产学研专项、省战略性新兴产业核心技术攻关，省数控一代机械产品创新应用专项，中小企业发展专项，省农业科技成果转化资金项目，工业攻关，省级电子商务专项资金，省电子信息产业发展基金项目，省重点实验室建设，省节能专项资金项目，星火计划，火炬计划以及其他专项项目等。 二、资质项目认定： 省级新型研发机构，国家高新技术企业认定，广东省院士工作站，广东省工程中心等。",本科,财务管理,￥120/天
拉法耶特百货(上海)有限公司,2020-06-17,英语听说读写能力佳,本科,人事专员/招聘专员,￥8000/月
北京博科,2020-06-17,"公司简介

				英格玛人力资源集团成立于2002年，是中国领先的人力资源外包服务机构;集团致力于成为中国人力资本经营服务专家，让人力资本实现最大价值，从而推动社会发展，并让我们的世界变得更加美好。 集团主营业务包括:人事外包、制造承包、金融服务外包、招聘流程外包、中高级人才搜寻、大学生职业能力提升、人力资源战略咨询等多个专业人力资源外包服务领域。集团旗下现拥有18家分支机构，管理团队250多人，外派雇员27000多人，年培训及供应人才能力超过5万人，集团成立以来，累计培训及安置就业的员工超过80万人。",硕士,考研辅导,￥200/天
北京博科,2020-06-17,"公司简介

				北京国智兴业科技有限公司专注于大学生创新创业服务，是中国电子商务协会创业分会的执行机构，旗下品牌“校咖”。公司以“与大学生一起创业成功”为主要目标；提供“人才培训、创客空间、平台运营、项目孵化、资金支持”等全方位服务。主要包括：校咖学院：提供以创业就业为导向的职业培训服务，建立了网络培训云平台，通过点播和直播的方式，开展网络培训。受国家人社部中国职协委托，开展“微信运营管理师”职业技能培训。校咖创客：提供校园创客空间服务，包括创业交流、职业培训、项目孵化等服务。与中国电子商务协会创业分会合作，已在全国建立了100个“校咖创客空间”。校咖商城：提供校园移动电子商务平台服务。基于微信和APP的完善的移动电子商务平台，为大学生提供统一的创业营销平台和出口，同时提供统一的营销推广和引流服务。校咖基金：我公司拥有专属基金，为大学生提供创业资金支持。校咖，助你实现创业梦想！",本科,财务管理,￥120/天
北京博科,2020-06-17,"公司简介

				中国联通在广东的分支机构，由中国联通有限公司广东分公司、中国网络通信集团公司广东省分公司成功合并而成。合并重组后的广东联通，整体规模和实力得到了较大提升。公司拥有覆盖全省、结构合理、技术先进、功能强大的现代通信网络，主要经营移动通信业务，国内、国际固定电话网络与设施（含本地无线环路），语音、数据、图像及多媒体通信与信息服务，电信增值业务，IP电话业务等国家批准的其它业务，以及与通信及信息业务相关的系统集成等业务。",本科,财务管理,￥120/天
拉法耶特百货(上海)有限公司,2020-06-17,"【职位要求】 
1、擅长与人对话，善于倾听，具有优秀的逻辑分析和表达能力，能够撰写可读性良好的文档；
2、热爱游戏，关注游戏行业动态；
3、加分项：有数据分析项目经验者、有互联网相关领域实习经历者优先

[以下条件优先考虑]
1. 有较多的沙盒游戏经历，如：我的世界、迷你世界、Roblox、Gmod等游戏；
2. 在沙盒创造类游戏中有过MOD、小游戏或建筑的创作经验。

【实习时间】
至少3个月以上，每周至少可以实习4天（6个月优先）
【实习地点】
杭州市滨江区网商路599号网易大厦

【简历投递方式】
1、简历标题：[职位-地区]姓名-学校-专业-每周可实习天数（不含周末）-可持续几个月（持续时间长者优先）；
2、本岗位对游戏经历有一定要求，请务必在简历中注明自己的游戏经历，能对一款游戏进行优缺点分析者优先考虑；

实习补贴：2500元/月，公司有餐厅，提供免费三餐+下午茶；提供班车接送。

注意：因网易负责此岗位的HR在广州，投递简历作品后请留意广州020-8510开头的来电。",本科,人事专员/招聘专员,￥8000/月
北京博科,2020-06-17,"公司简介

				纽约华尔圈金融集团于2004年7月在美国纽约华尔街注册成立，专注于全球宏观经济研究与金融市场的跟踪，重点关注全球投资市场。多年来秉承信赖、开放和创新的原则，我们连接全球金融界，助力全球金融市场发展，致力成为国际领先、世界知名的民间独立第三方金融研究与服务机构。 2015年，纽约华尔圈公司开始实施多元化发展战略，于6月份组建的华尔圈金融集团成立，自始迈开了全球化的投资战略步伐，集团旗下的业务涉及金融产品投资、实业投资、新兴产业投资、高科技产业投资等板块。2015年6月在广东成立分公司：广东华尔圈投资咨询有限公司，主要开展金融投资领域的相关研究与金融咨询服务工作，同年10月与国内领先的金融服务集团：广东中泰银号集团有限公司建立了战略合作关系。通过对现货及其关联性领域的分析，为全行业提供权威咨询和服务，助力中国打造全球现货投资中心。",本科,财务管理,￥120/天
海康威视武汉大区,2020-06-17,"公司简介

				易保科技成立于2000年，是世界领先的保险应用软件提供商，致力于为全球产、寿险公司提供保险核心业务应用软件解决方案。易保与全球众多知名保险公司都建立了长久的合作，客户遍及全球五大洲30多个国家及地区。易保已先后在全球13个国家、15个城市设有分公司。公司近1500名员工来自全球不同国家，专注于保险业务运营咨询、产品管理或项目实施、软件研发等专业领域。易保连续多年被中国政府认定为“国家重点软件企业” 和“上海市高新技术企业”，并荣膺由第三方独立鉴定机构CRF授予的“中国杰出雇主”资格认证。 易保具有开放的企业文化，致力于培育世界级的创新环境。创新、质量和人才是易保持续发展的立足点。易保的全球化发展，为致力于咨询业、保险业和IT业的国际化人才，提供了丰富的职业资源和广阔的发展前景。",本科,财务助理,￥60/天
北京博科,2020-06-17,"公司简介

				迈斯咨询创建于2010年，总部设在广州，在广州、深圳、上海、湖北、江西、成都等地均设有分公司。企业合伙人和顾问团队大多服务于世界500强企业及顶尖猎头企业，在地产、金融、消费品领域有着卓越成就，迈斯咨询以“专注、极致、口碑、快”为作单原则，始终坚守“成就细分领域精准猎挖”经营理念，在所专注领域积累了极佳行业美誉度。",本科,财务管理,￥120/天
